Name,Email,Enrollment Number,Semester,Department
Ali Raza,22104101@uskt.edu.pk,22104001,8,Computer Science
Sarah Ahmed,22104102@uskt.edu.pk,22104002,8,Computer Science
Michael Johnson,22104103@uskt.edu.pk,22104003,8,Software Engineering
Emily Davis,22104104@uskt.edu.pk,22104004,8,Information Technology
David Wilson,22104105@uskt.edu.pk,22104005,8,Computer Science
Zainab Khan,22104106@uskt.edu.pk,22104006,8,Software Engineering
Omar Farooq,22104107@uskt.edu.pk,22104007,8,Computer Science
Jessica Taylor,22104108@uskt.edu.pk,22104008,8,Information Technology
Bilal Hussain,22104109@uskt.edu.pk,22104009,8,Software Engineering
Rachel Brown,22104110@uskt.edu.pk,22104010,8,Computer Science
